{
  "session_id": "session_1763018543",
  "session_start_time": 1763018543.9040565,
  "session_end_time": 1763018589.307067,
  "summary": {
    "session_id": "session_1763018543",
    "session_duration": 44.80848836898804,
    "total_frames": 449,
    "avg_attention_score": 0.6222454318102979,
    "focus_percentage": 95.10022271714922,
    "attention_distribution": {
      "high": 75,
      "medium": 352,
      "low": 14,
      "very_low": 8
    },
    "avg_processing_time_ms": 0.11066436767578125
  },
  "attention_scores": [
    0.5719947003405634,
    0.5734937706363555,
    0.5751972380010628,
    0.5749051351419975,
    0.5766401831743306,
    0.5780998889194773,
    0.579300173206014,
    0.5803676797432074,
    0.5814504037671899,
    0.5824607418437648,
    0.5837307093985018,
    0.585062743252009,
    0.5861518652940472,
    0.5877005402529568,
    0.5889335953110417,
    0.5899966338095914,
    0.5911177956145726,
    0.5919421168686123,
    0.5922051897148359,
    0.5903667331919165,
    0.5872474037254067,
    0.4711068979184703,
    0.5020256206324756,
    0.5239575239403715,
    0.5431894938117235,
    0.5579918278339384,
    0.570018873885735,
    0.5760067714462527,
    0.5851949665789945,
    0.5933325355327199,
    0.5898231904976383,
    0.6106907429668518,
    0.6179604123811566,
    0.631075937928668,
    0.6445336460341571,
    0.6546628846394565,
    0.6583448251751264,
    0.659489033018486,
    0.658298720882792,
    0.6572303315620461,
    0.6559595869170176,
    0.6549554224562126,
    0.6546343668587566,
    0.6546146565598518,
    0.6511448505192724,
    0.6528775195081634,
    0.6553406672356893,
    0.6584907258825916,
    0.6624709763823192,
    0.666176186151716,
    0.6691539695069142,
    0.6705545284102501,
    0.6703579474610641,
    0.6684083434551367,
    0.667118727860993,
    0.6650470170203788,
    0.6632677053388185,
    0.6618927088451901,
    0.6614774860369066,
    0.6627431543513844,
    0.6659834101664913,
    0.6671881891673043,
    0.6747542210290507,
    0.6803202493301386,
    0.6887849308277374,
    0.7025534165693976,
    0.7154811810330566,
    0.722552670007173,
    0.728731473721143,
    0.7365688308448429,
    0.7409344986694002,
    0.7447467400526235,
    0.7474093774424297,
    0.7437936526104516,
    0.7434762605133765,
    0.7412075784617491,
    0.7378462210120048,
    0.7346403291642941,
    0.7313687312559481,
    0.72740198651539,
    0.7235850979596795,
    0.7198129530834623,
    0.7159086277885416,
    0.7134834565683228,
    0.7110909345261515,
    0.7091753000219153,
    0.707449370943816,
    0.7058826910211906,
    0.7043906447558025,
    0.7026055956617554,
    0.700220151025594,
    0.6972864035347314,
    0.6937825197571503,
    0.6896346248002299,
    0.6852942861407028,
    0.6810887295597254,
    0.6773591066446194,
    0.6740566730965074,
    0.6712179097532976,
    0.6689839226060363,
    0.6671078629063653,
    0.6655912842201581,
    0.6640948410978619,
    0.6628564936435228,
    0.6619928376754587,
    0.6616758524110096,
    0.6621753887127706,
    0.6634988659420341,
    0.6655225873135777,
    0.6681603605773407,
    0.6714943944005876,
    0.6752808363432934,
    0.6794233086365743,
    0.6838175286351222,
    0.6880564565321761,
    0.6918253467495847,
    0.6951089600187613,
    0.6979401206643643,
    0.7004823542073729,
    0.7025623771595454,
    0.7042110793754413,
    0.7050968408374498,
    0.7055113038075373,
    0.7054926131265269,
    0.7051180920863331,
    0.7047108210761859,
    0.7040607367361813,
    0.7034321068025199,
    0.7025317665340485,
    0.7014390952730605,
    0.6994034205115339,
    0.6966112596229772,
    0.6925888466997948,
    0.6873198485881109,
    0.6775096271392034,
    0.6676647498145728,
    0.6558457188629357,
    0.6409694547123708,
    0.6244161820617948,
    0.49697576042915237,
    0.4077537466759616,
    0.34523354158670544,
    0.30143291358857427,
    0.27042489336889797,
    0.24901902672348405,
    0.23384774885036977,
    0.22307399974535116,
    0.3282432124172915,
    0.3865148614192991,
    0.43716210765912505,
    0.47265742841179426,
    0.5009478968936483,
    0.5235557962322883,
    0.5428982159280662,
    0.5619967229048501,
    0.5797437091944149,
    0.6137923247593895,
    0.6298589229504516,
    0.6477830242150503,
    0.6614505830885351,
    0.6715031313924587,
    0.677739671813491,
    0.6806755070287429,
    0.6810600075683796,
    0.6796948558782221,
    0.6778202499818877,
    0.6746187753544206,
    0.6717544016052355,
    0.6680878552487197,
    0.6644479445513742,
    0.661021818129006,
    0.6586052868795329,
    0.657000029647331,
    0.6564785396895926,
    0.6567940091182616,
    0.6578522472259853,
    0.6591258613568056,
    0.6601627546636443,
    0.6608555728889396,
    0.6587005449359556,
    0.6612747749544946,
    0.6634130481950523,
    0.6663741563756633,
    0.6701807291286189,
    0.6744318817878471,
    0.6788576840407055,
    0.6840120660244118,
    0.6895165053520277,
    0.694995050326312,
    0.7008074621414218,
    0.7039856826834356,
    0.7056815147842067,
    0.7061199891347573,
    0.705663264876092,
    0.7048800040676202,
    0.7038724299015734,
    0.7029625358901217,
    0.699253203589112,
    0.7009331816856421,
    0.7027747437500496,
    0.7044704502888797,
    0.7064363635717568,
    0.7085723467400562,
    0.7112853952186534,
    0.7147355097978829,
    0.7188447200376773,
    0.7214690269083346,
    0.7234046334234844,
    0.7238304007720726,
    0.723512546898986,
    0.7226335315431254,
    0.7212972839804654,
    0.7195002938749442,
    0.7174165012752165,
    0.7152376576692717,
    0.7129725587956883,
    0.7108284513712817,
    0.7089430563602396,
    0.7071208464467817,
    0.7050227258165099,
    0.7026595113067713,
    0.6999045283420836,
    0.6924545163527058,
    0.6781635927450801,
    0.6682271055662503,
    0.6549148122419213,
    0.6419895720588116,
    0.6321422295049602,
    0.6217842223431443,
    0.6109318584788843,
    0.5997054634531832,
    0.5881644376185671,
    0.5773606127676746,
    0.5691211610343112,
    0.5617280727620665,
    0.5561260272718413,
    0.5523301884126613,
    0.549517742888953,
    0.5476369242214221,
    0.5469279045803125,
    0.5468618611713211,
    0.5473888153426607,
    0.5481761819191215,
    0.5491356230309413,
    0.550243034403798,
    0.5518557367572048,
    0.5518770343256154,
    0.5529622108529177,
    0.5554259126812904,
    0.5589033809906119,
    0.5638170781590531,
    0.575396397301881,
    0.5898148326333621,
    0.6036985421093017,
    0.6171956108747527,
    0.6302632197129617,
    0.6394504537274812,
    0.6497884792441943,
    0.660016738109938,
    0.6711268097527081,
    0.68076172015184,
    0.6888262957364139,
    0.6955638935297828,
    0.6965278093117889,
    0.699164824344636,
    0.7014412376437702,
    0.7029210108865305,
    0.7073699158748894,
    0.7066114476551308,
    0.7058162512605602,
    0.7042656209100657,
    0.6946536865873999,
    0.6834454424564373,
    0.6752607725117707,
    0.665178699341964,
    0.653342210251045,
    0.6401196832443747,
    0.6245751469509591,
    0.6090081670753728,
    0.5933409492740819,
    0.5783875025046809,
    0.5666287315085463,
    0.5585049148280105,
    0.5522785699405017,
    0.5478512976992991,
    0.5446228644449504,
    0.5423901122253967,
    0.5404937820099641,
    0.5366480814502319,
    0.5342807129376794,
    0.5342253124317908,
    0.5418436435083286,
    0.5454136769581591,
    0.5549416955817537,
    0.5665112517143389,
    0.5776421900555977,
    0.5916949681846388,
    0.6119242615926201,
    0.6320338133272713,
    0.502560620737456,
    0.4124998604436736,
    0.34858423518305776,
    0.30466909646139356,
    0.2737300722987593,
    0.25189549283830776,
    0.23692025113537454,
    0.22684194675501687,
    0.3588693311081324,
    0.436088994992336,
    0.5003344514076156,
    0.5430135878905015,
