{
  "session_id": "session_1762870327",
  "session_start_time": 1762870327.661728,
  "session_end_time": 1762870338.6461005,
  "summary": {
    "session_id": "session_1762870327",
    "session_duration": 10.360990047454834,
    "total_frames": 138,
    "avg_attention_score": 0.7262337407103198,
    "focus_percentage": 100.0,
    "attention_distribution": {
      "high": 123,
      "medium": 15,
      "low": 0,
      "very_low": 0
    },
    "avg_processing_time_ms": 0.07992744445800781
  },
  "attention_scores": [
    0.6993265908535272,
    0.7108008510166649,
    0.7194610028046876,
    0.7257430676705781,
    0.7303298580674054,
    0.7335887165734036,
    0.7355869309610482,
    0.7368783848884145,
    0.7376768939186552,
    0.7381847341257145,
    0.7401065688789844,
    0.7407553730827638,
    0.741213531840829,
    0.7417019532888767,
    0.7418634254098838,
    0.742063682908005,
    0.7425255283542753,
    0.7430737814837749,
    0.7439121910951035,
    0.7449957915020518,
    0.7458244700049046,
    0.746373796676857,
    0.7466117811896549,
    0.746398336737663,
    0.7462549765015091,
    0.7459203634273387,
    0.740199131752282,
    0.7377598767683311,
    0.7341481789656844,
    0.7295993309241596,
    0.720352387188009,
    0.7159749072788429,
    0.7117603775539028,
    0.7079298256109119,
    0.704380992824112,
    0.7015053552458038,
    0.6988030916352196,
    0.6951154662314776,
    0.6913346808957213,
    0.6870686895968204,
    0.6850850436396418,
    0.6833866894360818,
    0.6821474420202183,
    0.6818583460170838,
    0.6799759609089641,
    0.6829012528804435,
    0.6859173134148207,
    0.6890464736240255,
    0.6904130360860569,
    0.6959319632191036,
    0.7001028488694483,
    0.7032044058605296,
    0.7025329634957971,
    0.7052965090209815,
    0.7078249841730043,
    0.7095145558296251,
    0.7118731272046243,
    0.7134389823135064,
    0.7152304967583417,
    0.7163625438430923,
    0.7178928167978236,
    0.7184180374392437,
    0.7197733513299708,
    0.7207569561014258,
    0.7219924716824715,
    0.7231537507688673,
    0.7239734319882475,
    0.7247488043576084,
    0.7254302470593744,
    0.726278583410029,
    0.7269095201194236,
    0.7275002517416118,
    0.7279393787475829,
    0.7282298478798537,
    0.728332741511236,
    0.7282743647948013,
    0.7281042133441373,
    0.7278565461960261,
    0.7278042605576345,
    0.727785474064797,
    0.7279535016133525,
    0.7283247319152542,
    0.7287813609347386,
    0.7292991423663727,
    0.7297613744689162,
    0.7301876778014549,
    0.7306490897105415,
    0.7312052174294594,
    0.7314895991100213,
    0.7315290394665787,
    0.73145203694062,
    0.731267418865577,
    0.7310611997154949,
    0.7309237425258951,
    0.7309267546315075,
    0.7310466784382921,
    0.7311144856554048,
    0.731096155016442,
    0.7310442756208837,
    0.7310817792724058,
    0.7313795372231803,
    0.7318967403362808,
    0.7325624209086573,
    0.7334335255269053,
    0.7339954011073878,
    0.734588612445501,
    0.7352723933462297,
    0.7358857546198241,
    0.7365170694274437,
    0.7371747045828364,
    0.7377616689844584,
    0.7382980275322117,
    0.7387787218376765,
    0.7392187441530226,
    0.7397853937977926,
    0.740017269376536,
    0.7401015049498189,
    0.7402201848029606,
    0.7400857988636811,
    0.7398135856021112,
    0.7394238682633693,
    0.7386966188631251,
    0.7377875152266353,
    0.736737010752154,
    0.7360213975558648,
    0.7356880237308048,
    0.7354269051615394,
    0.7357128963188442,
    0.7363878438982816,
    0.737192641481697,
    0.7382321004405786,
    0.7395622284150289,
    0.7405067648831888,
    0.7409311568059622,
    0.7406799628070708,
    0.7400575210761162,
    0.7393881365170193,
    0.7385364406617203
  ],
  "attention_levels": [
    "Medium",
    "High",
    "High",
    "High",
    "High",
    "High",
    "High",
    "High",
    "High",
    "High",
    "High",
    "High",
    "High",
    "High",
    "High",
    "High",
    "High",
    "High",
    "High",
    "High",
    "High",
    "High",
    "High",
    "High",
    "High",
    "High",
    "High",
    "High",
    "High",
    "High",
    "High",
    "High",
    "High",
    "High",
    "High",
    "High",
    "Medium",
    "Medium",
    "Medium",
    "Medium",
    "Medium",
    "Medium",
    "Medium",
    "Medium",
    "Medium",
    "Medium",
    "Medium",
    "Medium",
    "Medium",
    "Medium",
    "High",
    "High",
    "High",
    "High",
    "High",
    "High",
    "High",
    "High",
    "High",
    "High",
    "High",
    "High",
    "High",
    "High",
    "High",
    "High",
    "High",
    "High",
    "High",
    "High",
    "High",
    "High",
    "High",
    "High",
    "High",
    "High",
    "High",
    "High",
    "High",
    "High",
    "High",
    "High",
    "High",
    "High",
    "High",
    "High",
    "High",
    "High",
    "High",
    "High",
    "High",
    "High",
    "High",
    "High",
    "High",
    "High",
    "High",
    "High",
    "High",
    "High",
    "High",
    "High",
    "High",
    "High",
    "High",
    "High",
    "High",
    "High",
    "High",
    "High",
    "High",
    "High",
    "High",
    "High",
    "High",
    "High",
    "High",
    "High",
    "High",
    "High",
    "High",
    "High",
    "High",
    "High",
    "High",
    "High",
    "High",
    "High",
    "High",
    "High",
    "High",
    "High",
    "High",
    "High",
    "High",
    "High",
    "High",
    "High"
  ],
  "performance_metrics": {
    "avg_processing_time_ms": 0.07992744445800781,
    "total_scoring_operations": 100
  }
}