{
  "session_id": "session_1763017570",
  "session_start_time": 1763017570.385967,
  "session_end_time": 1763017609.1356127,
  "summary": {
    "session_id": "session_1763017570",
    "session_duration": 37.78130483627319,
    "total_frames": 51,
    "avg_attention_score": 0.6975449922860494,
    "focus_percentage": 100.0,
    "attention_distribution": {
      "high": 25,
      "medium": 26,
      "low": 0,
      "very_low": 0
    },
    "avg_processing_time_ms": 0.23368293163823145
  },
  "attention_scores": [
    0.7102864657192818,
    0.7171910621885081,
    0.7187735211875464,
    0.7164744658655791,
    0.7129466601252459,
    0.7065402056193825,
    0.7006153484197828,
    0.696078591610316,
    0.693042753598605,
    0.6910000600943313,
    0.6902027734031614,
    0.6876785561297828,
    0.6848270334714932,
    0.682198148742424,
    0.6748216643989429,
    0.6697690141698863,
    0.6693436549988686,
    0.6692476289144591,
    0.669196266081227,
    0.6693124607059566,
    0.6697328789926189,
    0.6705815113417255,
    0.6670958833008631,
    0.6652219191222855,
    0.6697343927893294,
    0.6733904878965193,
    0.6759313473279465,
    0.678063461956848,
    0.6799491791938712,
    0.681913740223316,
    0.6816630892005016,
    0.6864565155958724,
    0.6941860529884012,
    0.7027416174086627,
    0.709003851705733,
    0.713719710047607,
    0.7172963764230266,
    0.7198775508737889,
    0.7182137929642478,
    0.7200701364466945,
    0.7221880066526748,
    0.7236341601025627,
    0.7247728972077938,
    0.7259192851360131,
    0.7232548533324424,
    0.7242151406117008,
    0.7241170811960759,
    0.7225822755411608,
    0.7211605759691231,
    0.7197889338681476,
    0.7187715657261888
  ],
  "attention_levels": [
    "High",
    "High",
    "High",
    "High",
    "High",
    "High",
    "High",
    "Medium",
    "Medium",
    "Medium",
    "Medium",
    "Medium",
    "Medium",
    "Medium",
    "Medium",
    "Medium",
    "Medium",
    "Medium",
    "Medium",
    "Medium",
    "Medium",
    "Medium",
    "Medium",
    "Medium",
    "Medium",
    "Medium",
    "Medium",
    "Medium",
    "Medium",
    "Medium",
    "Medium",
    "Medium",
    "Medium",
    "High",
    "High",
    "High",
    "High",
    "High",
    "High",
    "High",
    "High",
    "High",
    "High",
    "High",
    "High",
    "High",
    "High",
    "High",
    "High",
    "High",
    "High"
  ],
  "performance_metrics": {
    "avg_processing_time_ms": 0.23368293163823145,
    "total_scoring_operations": 51
  }
}