{
  "session_id": "session_1762926590",
  "session_start_time": 1762926590.869274,
  "session_end_time": 1762926649.9197373,
  "summary": {
    "session_id": "session_1762926590",
    "session_duration": 58.31638145446777,
    "total_frames": 474,
    "avg_attention_score": 0.720262016058438,
    "focus_percentage": 100.0,
    "attention_distribution": {
      "high": 322,
      "medium": 152,
      "low": 0,
      "very_low": 0
    },
    "avg_processing_time_ms": 0.22107839584350586
  },
  "attention_scores": [
    0.6811951679657868,
    0.6906984444979921,
    0.6973914463251194,
    0.700219312884736,
    0.706157662949843,
    0.7102106122154687,
    0.7132320959571946,
    0.7159228656986499,
    0.7183468230057158,
    0.7212797633760919,
    0.7255300328224816,
    0.729666236735254,
    0.7344135278013341,
    0.7395614112637412,
    0.7439546123925418,
    0.7485440157096397,
    0.7530842322450243,
    0.7572398859399861,
    0.760851972587315,
    0.762569475737813,
    0.7627983614962852,
    0.7614935284028507,
    0.7585414435429404,
    0.7549412967159587,
    0.7513990732119551,
    0.7482729136361448,
    0.744875511303247,
    0.7421721684079803,
    0.7401020318682024,
    0.7386277880572164,
    0.737400298470312,
    0.736589005372322,
    0.73588801721198,
    0.7330731986307673,
    0.7350692657708584,
    0.7369315392284564,
    0.7399116295666639,
    0.7429579141846898,
    0.7455621775464732,
    0.7481107985652146,
    0.7506823328837993,
    0.7529795777169261,
    0.754893845639307,
    0.7571486913600007,
    0.7593060756396486,
    0.7626811083921405,
    0.7659982634080822,
    0.7702413945533856,
    0.7728655016000516,
    0.7821129720516573,
    0.791862049780288,
    0.8023741386984423,
    0.8114624972853821,
    0.8186464729952583,
    0.8202696024624241,
    0.8254614201359841,
    0.8294330842653865,
    0.8321066015401059,
    0.8345327581139537,
    0.8354558702101289,
    0.8350521301479092,
    0.8338295437830772,
    0.8322065662760918,
    0.8297286109280112,
    0.8292617549494494,
    0.8292625703653964,
    0.825115040957855,
    0.8258467627552114,
    0.8264602442181168,
    0.8267819488698847,
    0.8243067939400869,
    0.8221629320905647,
    0.8234581628271186,
    0.824394633479614,
    0.8241184100121938,
    0.8225707877247841,
    0.819258602492553,
    0.8165095055354734,
    0.8180830429103783,
    0.818342399289047,
    0.8173361343911709,
    0.8171810302096423,
    0.8166733812151831,
    0.8158043360253898,
    0.8148700459996637,
    0.809919081507705,
    0.8100923015919914,
    0.8102688806633844,
    0.8062214730778585,
    0.8070500247237669,
    0.807864371482734,
    0.8083044525906906,
    0.8086985332276252,
    0.8090378840958883,
    0.8088603955455607,
    0.8057691187132943,
    0.8070767839977337,
    0.8074872793647407,
    0.8041075302862749,
    0.8011715823594018,
    0.8024986178214064,
    0.8034767632764812,
    0.8039753618270209,
    0.8044634010067395,
    0.8046725305274058,
    0.8020757063737866,
    0.7998245588921974,
    0.8018090049261518,
    0.8037099972446948,
    0.8053112956148684,
    0.8060893177432018,
    0.8066640380371246,
    0.807130856007558,
    0.8074224029517152,
    0.8071414852985788,
    0.8071332810428761,
    0.8073965477595161,
    0.8068885517773439,
    0.8064577656642146,
    0.8017269158019136,
    0.7959631495475166,
    0.7766789083621365,
    0.7694661893543963,
    0.7525621179198649,
    0.7356176148797606,
    0.7194218440386541,
    0.7128380329164514,
    0.7020601057178859,
    0.6942858418860572,
    0.6840826332068289,
    0.6780845939711333,
    0.675851332394257,
    0.6725805160062506,
    0.6708514221031208,
    0.6698136127374662,
    0.6698885042741828,
    0.66870997403513,
    0.6682601307844029,
    0.666934425445383,
    0.666224137068128,
    0.6611732195242219,
    0.6555168351920562,
    0.6525782355451776,
    0.6487302240792926,
    0.6375711033633444,
    0.6290343398719507,
    0.619696428419169,
    0.6190827504112338,
    0.6212786658855783,
    0.6158290443114578,
    0.6116842077895277,
    0.6091126319178002,
    0.6069327715624426,
    0.6043753074140004,
    0.6028917403687667,
    0.6007404785226705,
    0.604847418900619,
    0.6062463225038132,
    0.6052419478415507,
    0.6014183542732058,
    0.6014115101051518,
    0.6017158237549476,
    0.5993165485827603,
    0.6010817820216601,
    0.6024839143295723,
    0.6040078096395713,
    0.6017649749648808,
    0.6026399262484055,
    0.5996846196893055,
    0.5998011768790454,
    0.5983207878189576,
    0.5955737239841465,
    0.5932897619340978,
    0.5905917922911069,
    0.5885509295111007,
    0.586686421469012,
    0.5857606231157547,
    0.5848409916345348,
    0.5848153380688041,
    0.5847848022032401,
    0.5851719269839051,
    0.5860303622588758,
    0.5869303101243062,
    0.5879692729495061,
    0.588809218147526,
    0.5893625048218072,
    0.5896233789451356,
    0.5894475781640651,
    0.5890733619873122,
    0.5885161915123922,
    0.5880425026328706,
    0.587500026317923,
    0.5869172671111178,
    0.5864548545191324,
    0.5863324414817905,
    0.5866245465215821,
    0.5873121536932846,
    0.5883575902947352,
    0.5896490796306586,
    0.5909568169593874,
    0.5924111473599328,
    0.5939874609244931,
    0.5934815136764038,
    0.5948339062017096,
    0.6005943229070881,
    0.6041441067918287,
    0.608628559794556,
    0.6078163731961324,
    0.6163240924506243,
    0.6232484866165198,
    0.6285087247936906,
    0.6322550223670609,
    0.6352151639727512,
    0.6348674989908818,
    0.6364032359126099,
    0.6355474250811467,
    0.6376283612589494,
    0.6387419975649424,
    0.6423729587593061,
    0.6458779855893759,
    0.6483304697022825,
    0.6500261555752587,
    0.6505556920028124,
    0.6509122559384991,
    0.6502241812580342,
    0.64982714784958,
    0.6487574449435894,
    0.6483375133020002,
    0.6477473157465716,
    0.6470795759230472,
    0.6464560752518752,
    0.6457135917369516,
    0.6448732793695997,
    0.6439774446446804,
    0.6431413238226356,
    0.6421769755702533,
    0.641049163145213,
    0.639634656753475,
    0.6381080387409259,
    0.6365210505728188,
    0.6350871593470236,
    0.6339391940529654,
    0.6330724649992336,
    0.6323271140365732,
    0.6317827594035765,
    0.6313664693402055,
    0.6312467122003076,
    0.631251790561953,
    0.6313002711760922,
    0.6314270648883422,
    0.631520307259577,
    0.6315355427892335,
    0.6316291451807565,
    0.6318167156690824,
    0.6319590911317458,
    0.6321879800435742,
    0.6323332676940416,
    0.6324928238903814,
    0.6327772472569402,
    0.6331320893742696,
    0.6334567980742642,
    0.6338174328730332,
    0.6343298263796602,
    0.6325219750405231,
    0.6341078814314348,
    0.6354114613630126,
    0.6366845506428631,
    0.6379277827957162,
    0.636791345129774,
    0.6392498504504175,
    0.6399315569448931,
    0.6457805014839345,
    0.6505351916189305,
    0.6581524138863236,
    0.669974448847798,
    0.6814115775396163,
    0.6918124368704506,
    0.7002697882129707,
    0.7076706200427048,
    0.7139073942378965,
    0.7201808718046787,
    0.7250447306524036,
    0.7261889566823491,
    0.7314224326318821,
    0.7353338785550073,
    0.7388823428347941,
    0.7423321782161411,
    0.7456577299468378,
    0.7488650328636947,
    0.7519321305637476,
    0.7547203242938542,
    0.7568068547673277,
    0.7591780559635607,
    0.7606342663510587,
    0.7616142835401254,
    0.7622368301645782,
    0.7624823182521954,
    0.7625980771894527,
    0.7626972331736346,
    0.7627317682562179,
    0.7627255255967144,
    0.7626150608600315,
    0.7624534495968128,
    0.7622553077309674,
    0.7587601921572446,
    0.7598008430342176,
    0.7606001635547284,
    0.76128063477343,
    0.7616802613845847,
    0.7618080216239786,
    0.7617668291171402,
    0.7617307260906524,
    0.7616086708615599,
